id,label,sheet,label_cell,cell,period,raw,formula,value,source_unit,output_unit,converted,rounded,formatted,blank_as_zero
cash.end,货币资金,资产负债表,A6,B6,end,1200000.5,,1200000.5,元,万元,120.00005,120.00,120.00,False
cash.begin,货币资金,资产负债表,A6,C6,begin,800000,,800000,元,万元,80,80.00,80.00,False
receivables.end,应收账款,资产负债表,A7,B7,end,2300000,,2300000,元,万元,230,230.00,230.00,False
receivables.begin,应收账款,资产负债表,A7,C7,begin,2000000,,2000000,元,万元,200,200.00,200.00,False
inventory.end,存货,资产负债表,A8,B8,end,1500000,,1500000,元,万元,150,150.00,150.00,False
inventory.begin,存货,资产负债表,A8,C8,begin,1200000,,1200000,元,万元,120,120.00,120.00,False
current_assets.end,流动资产合计,资产负债表,A9,B9,end,5000000.5,'=SUM(B6:B8),5000000.5,元,万元,500.00005,500.00,500.00,False
current_assets.begin,流动资产合计,资产负债表,A9,C9,begin,4000000,'=SUM(C6:C8),4000000,元,万元,400,400.00,400.00,False
fixed_assets.end,固定资产,资产负债表,A10,B10,end,3000000,,3000000,元,万元,300,300.00,300.00,False
fixed_assets.begin,固定资产,资产负债表,A10,C10,begin,2800000,,2800000,元,万元,280,280.00,280.00,False
noncurrent_assets.end,非流动资产合计,资产负债表,A11,B11,end,3000000,'=B10,3000000,元,万元,300,300.00,300.00,False
noncurrent_assets.begin,非流动资产合计,资产负债表,A11,C11,begin,2800000,'=C10,2800000,元,万元,280,280.00,280.00,False
assets.end,资产总计,资产负债表,A12,B12,end,8000000.5,'=B9+B11,8000000.5,元,万元,800.00005,800.00,800.00,False
assets.begin,资产总计,资产负债表,A12,C12,begin,6800000,'=C9+C11,6800000,元,万元,680,680.00,680.00,False
short_loan.end,短期借款,资产负债表,E6,F6,end,2000000,,2000000,元,万元,200,200.00,200.00,False
short_loan.begin,短期借款,资产负债表,E6,G6,begin,1500000,,1500000,元,万元,150,150.00,150.00,False
payables.end,应付账款,资产负债表,E7,F7,end,1000000,,1000000,元,万元,100,100.00,100.00,False
payables.begin,应付账款,资产负债表,E7,G7,begin,900000,,900000,元,万元,90,90.00,90.00,False
current_liabilities.end,流动负债合计,资产负债表,E8,F8,end,3000000,'=SUM(F6:F7),3000000,元,万元,300,300.00,300.00,False
current_liabilities.begin,流动负债合计,资产负债表,E8,G8,begin,2400000,'=SUM(G6:G7),2400000,元,万元,240,240.00,240.00,False
long_loan.end,长期借款,资产负债表,E9,F9,end,1000000,,1000000,元,万元,100,100.00,100.00,False
long_loan.begin,长期借款,资产负债表,E9,G9,begin,800000,,800000,元,万元,80,80.00,80.00,False
liabilities.end,负债合计,资产负债表,E10,F10,end,4000000,'=F8+F9,4000000,元,万元,400,400.00,400.00,False
liabilities.begin,负债合计,资产负债表,E10,G10,begin,3200000,'=G8+G9,3200000,元,万元,320,320.00,320.00,False
capital.end,实收资本,资产负债表,E11,F11,end,2500000,,2500000,元,万元,250,250.00,250.00,False
capital.begin,实收资本,资产负债表,E11,G11,begin,2500000,,2500000,元,万元,250,250.00,250.00,False
retained.end,未分配利润,资产负债表,E12,F12,end,1500000.5,,1500000.5,元,万元,150.00005,150.00,150.00,False
retained.begin,未分配利润,资产负债表,E12,G12,begin,1100000,,1100000,元,万元,110,110.00,110.00,False
equity.end,所有者权益合计,资产负债表,E13,F13,end,4000000.5,'=SUM(F11:F12),4000000.5,元,万元,400.00005,400.00,400.00,False
equity.begin,所有者权益合计,资产负债表,E13,G13,begin,3600000,'=SUM(G11:G12),3600000,元,万元,360,360.00,360.00,False
liabilities_equity.end,负债和所有者权益总计,资产负债表,E14,F14,end,8000000.5,'=F10+F13,8000000.5,元,万元,800.00005,800.00,800.00,False
liabilities_equity.begin,负债和所有者权益总计,资产负债表,E14,G14,begin,6800000,'=G10+G13,6800000,元,万元,680,680.00,680.00,False
